,division,subclass,weight.division,weight.subclass,matching,reference.mean,reference.weighted.mean.price,reference.weighted.mean.price.division,reference.weighted.mean.price.total,subclass_average,weighted.mean.price,weighted.mean.price.division,weighted.mean.price.total,weight.matched,weight.matched.division,weight.matched.total,datetime.calculated,CPI_total,CPI_division,weighted_CPI_division,CPI_general
0,FOOD AND NON-ALCOHOLIC BEVERAGES,rice,0.1906,0.0013,1,3.05944444444444,0.0039772777777777,0.781624086173231,729.810803751311,3.059444444444445,0.003977277777777778,0.7816240861732308,729.8108037513107,0.0013,0.1903,0.7601,2023-06-25 21:23:03.419888,99.99999999999996,99.99999999999997,19.029999999999994,76.01000000000002
1,FOOD AND NON-ALCOHOLIC BEVERAGES,flours and other cereals,0.1906,0.002,1,1.47818181818182,0.0029563636363636,0.781624086173231,729.810803751311,1.478181818181818,0.0029563636363636363,0.7816240861732308,729.8108037513107,0.002,0.1903,0.7601,2023-06-25 21:23:03.419888,99.99999999999996,99.99999999999997,19.029999999999994,76.01000000000002
2,FOOD AND NON-ALCOHOLIC BEVERAGES,bread,0.1906,0.0098,1,1.73666666666667,0.0170193333333333,0.781624086173231,729.810803751311,1.7366666666666664,0.01701933333333333,0.7816240861732308,729.8108037513107,0.0098,0.1903,0.7601,2023-06-25 21:23:03.419888,99.99999999999996,99.99999999999997,19.029999999999994,76.01000000000002
4,FOOD AND NON-ALCOHOLIC BEVERAGES,other bakery products,0.1906,0.0146,1,2.98625,0.04359925,0.781624086173231,729.810803751311,2.98625,0.04359925,0.7816240861732308,729.8108037513107,0.0146,0.1903,0.7601,2023-06-25 21:23:03.419888,99.99999999999996,99.99999999999997,19.029999999999994,76.01000000000002
5,FOOD AND NON-ALCOHOLIC BEVERAGES,pizza and quiche,0.1906,0.0011,1,3.3975,0.00373725,0.781624086173231,729.810803751311,3.3975000000000004,0.0037372500000000006,0.7816240861732308,729.8108037513107,0.0011,0.1903,0.7601,2023-06-25 21:23:03.419888,99.99999999999996,99.99999999999997,19.029999999999994,76.01000000000002
6,FOOD AND NON-ALCOHOLIC BEVERAGES,pasta products and couscous,0.1906,0.0024,1,2.07590909090909,0.0049821818181818,0.781624086173231,729.810803751311,2.075909090909091,0.004982181818181818,0.7816240861732308,729.8108037513107,0.0024,0.1903,0.7601,2023-06-25 21:23:03.419888,99.99999999999996,99.99999999999997,19.029999999999994,76.01000000000002
7,FOOD AND NON-ALCOHOLIC BEVERAGES,breakfast cereals,0.1906,0.0031,1,3.48142857142857,0.0107924285714286,0.781624086173231,729.810803751311,3.481428571428572,0.010792428571428573,0.7816240861732308,729.8108037513107,0.0031,0.1903,0.7601,2023-06-25 21:23:03.419888,99.99999999999996,99.99999999999997,19.029999999999994,76.01000000000002
8,FOOD AND NON-ALCOHOLIC BEVERAGES,other cereal products,0.1906,0.0,1,3.295,0.0,0.781624086173231,729.810803751311,3.295,0.0,0.7816240861732308,729.8108037513107,0.0,0.1903,0.7601,2023-06-25 21:23:03.419888,99.99999999999996,99.99999999999997,19.029999999999994,76.01000000000002
9,FOOD AND NON-ALCOHOLIC BEVERAGES,beef and veal,0.1906,0.0013,1,6.395,0.0083135,0.781624086173231,729.810803751311,6.395,0.0083135,0.7816240861732308,729.8108037513107,0.0013,0.1903,0.7601,2023-06-25 21:23:03.419888,99.99999999999996,99.99999999999997,19.029999999999994,76.01000000000002
10,FOOD AND NON-ALCOHOLIC BEVERAGES,pork,0.1906,0.0112,1,5.125,0.0574,0.781624086173231,729.810803751311,5.125,0.0574,0.7816240861732308,729.8108037513107,0.0112,0.1903,0.7601,2023-06-25 21:23:03.419888,99.99999999999996,99.99999999999997,19.029999999999994,76.01000000000002
11,FOOD AND NON-ALCOHOLIC BEVERAGES,lamb and goat,0.1906,0.0039,1,14.72,0.057408,0.781624086173231,729.810803751311,14.72,0.057408,0.7816240861732308,729.8108037513107,0.0039,0.1903,0.7601,2023-06-25 21:23:03.419888,99.99999999999996,99.99999999999997,19.029999999999994,76.01000000000002
12,FOOD AND NON-ALCOHOLIC BEVERAGES,poultry,0.1906,0.0098,1,9.885,0.096873,0.781624086173231,729.810803751311,9.885,0.096873,0.7816240861732308,729.8108037513107,0.0098,0.1903,0.7601,2023-06-25 21:23:03.419888,99.99999999999996,99.99999999999997,19.029999999999994,76.01000000000002
13,FOOD AND NON-ALCOHOLIC BEVERAGES,other meats,0.1906,0.0011,1,5.12666666666667,0.0056393333333333,0.781624086173231,729.810803751311,5.126666666666666,0.005639333333333333,0.7816240861732308,729.8108037513107,0.0011,0.1903,0.7601,2023-06-25 21:23:03.419888,99.99999999999996,99.99999999999997,19.029999999999994,76.01000000000002
14,FOOD AND NON-ALCOHOLIC BEVERAGES,"dried, salted or smoked meat",0.1906,0.006,1,2.902,0.017412,0.781624086173231,729.810803751311,2.902,0.017412,0.7816240861732308,729.8108037513107,0.006,0.1903,0.7601,2023-06-25 21:23:03.419888,99.99999999999996,99.99999999999997,19.029999999999994,76.01000000000002
15,FOOD AND NON-ALCOHOLIC BEVERAGES,other meat preparations,0.1906,0.0019,1,4.336,0.0082384,0.781624086173231,729.810803751311,4.335999999999999,0.008238399999999998,0.7816240861732308,729.8108037513107,0.0019,0.1903,0.7601,2023-06-25 21:23:03.419888,99.99999999999996,99.99999999999997,19.029999999999994,76.01000000000002
16,FOOD AND NON-ALCOHOLIC BEVERAGES,fresh or chilled fish,0.1906,0.0028,1,7.25,0.0203,0.781624086173231,729.810803751311,7.25,0.0203,0.7816240861732308,729.8108037513107,0.0028,0.1903,0.7601,2023-06-25 21:23:03.419888,99.99999999999996,99.99999999999997,19.029999999999994,76.01000000000002
17,FOOD AND NON-ALCOHOLIC BEVERAGES,frozen fish,0.1906,0.0015,1,9.54222222222222,0.0143133333333333,0.781624086173231,729.810803751311,9.542222222222223,0.014313333333333336,0.7816240861732308,729.8108037513107,0.0015,0.1903,0.7601,2023-06-25 21:23:03.419888,99.99999999999996,99.99999999999997,19.029999999999994,76.01000000000002
19,FOOD AND NON-ALCOHOLIC BEVERAGES,fresh or chilled seafood,0.1906,0.0003,0,,,0.781624086173231,729.810803751311,,,0.7816240861732308,729.8108037513107,0.0,0.1903,0.7601,2023-06-25 21:23:03.419888,99.99999999999996,99.99999999999997,19.029999999999994,76.01000000000002
20,FOOD AND NON-ALCOHOLIC BEVERAGES,frozen seafood,0.1906,0.0011,1,6.64,0.007304,0.781624086173231,729.810803751311,6.640000000000001,0.0073040000000000015,0.7816240861732308,729.8108037513107,0.0011,0.1903,0.7601,2023-06-25 21:23:03.419888,99.99999999999996,99.99999999999997,19.029999999999994,76.01000000000002
22,FOOD AND NON-ALCOHOLIC BEVERAGES,"dried, smoked or salted fish and seafood",0.1906,0.0006,1,1.9275,0.0011565,0.781624086173231,729.810803751311,1.9275,0.0011565,0.7816240861732308,729.8108037513107,0.0006,0.1903,0.7601,2023-06-25 21:23:03.419888,99.99999999999996,99.99999999999997,19.029999999999994,76.01000000000002
23,FOOD AND NON-ALCOHOLIC BEVERAGES,other preserved or processed fish and seafood-based preparations,0.1906,0.0023,1,6.44571428571429,0.0148251428571429,0.781624086173231,729.810803751311,6.445714285714287,0.01482514285714286,0.7816240861732308,729.8108037513107,0.0023,0.1903,0.7601,2023-06-25 21:23:03.419888,99.99999999999996,99.99999999999997,19.029999999999994,76.01000000000002
24,FOOD AND NON-ALCOHOLIC BEVERAGES,whole milk,0.1906,0.0015,1,2.87,0.004305,0.781624086173231,729.810803751311,2.87,0.004305000000000001,0.7816240861732308,729.8108037513107,0.0015,0.1903,0.7601,2023-06-25 21:23:03.419888,99.99999999999996,99.99999999999997,19.029999999999994,76.01000000000002
25,FOOD AND NON-ALCOHOLIC BEVERAGES,low fat milk,0.1906,0.0086,1,2.3425,0.0201455,0.781624086173231,729.810803751311,2.3425,0.020145499999999997,0.7816240861732308,729.8108037513107,0.0086,0.1903,0.7601,2023-06-25 21:23:03.419888,99.99999999999996,99.99999999999997,19.029999999999994,76.01000000000002
26,FOOD AND NON-ALCOHOLIC BEVERAGES,preserved milk,0.1906,0.0007,1,1.14,0.000798,0.781624086173231,729.810803751311,1.14,0.0007979999999999999,0.7816240861732308,729.8108037513107,0.0007,0.1903,0.7601,2023-06-25 21:23:03.419888,99.99999999999996,99.99999999999997,19.029999999999994,76.01000000000002
27,FOOD AND NON-ALCOHOLIC BEVERAGES,yoghurt,0.1906,0.0053,1,3.958,0.0209774,0.781624086173231,729.810803751311,3.958,0.0209774,0.7816240861732308,729.8108037513107,0.0053,0.1903,0.7601,2023-06-25 21:23:03.419888,99.99999999999996,99.99999999999997,19.029999999999994,76.01000000000002
28,FOOD AND NON-ALCOHOLIC BEVERAGES,cheese and curd,0.1906,0.0123,1,5.55142857142857,0.0682825714285714,0.781624086173231,729.810803751311,5.551428571428572,0.06828257142857143,0.7816240861732308,729.8108037513107,0.0123,0.1903,0.7601,2023-06-25 21:23:03.419888,99.99999999999996,99.99999999999997,19.029999999999994,76.01000000000002
29,FOOD AND NON-ALCOHOLIC BEVERAGES,other milk products,0.1906,0.002,1,1.78909090909091,0.0035781818181818,0.781624086173231,729.810803751311,1.789090909090909,0.003578181818181818,0.7816240861732308,729.8108037513107,0.002,0.1903,0.7601,2023-06-25 21:23:03.419888,99.99999999999996,99.99999999999997,19.029999999999994,76.01000000000002
30,FOOD AND NON-ALCOHOLIC BEVERAGES,eggs,0.1906,0.0023,1,3.735,0.0085905,0.781624086173231,729.810803751311,3.735,0.0085905,0.7816240861732308,729.8108037513107,0.0023,0.1903,0.7601,2023-06-25 21:23:03.419888,99.99999999999996,99.99999999999997,19.029999999999994,76.01000000000002
31,FOOD AND NON-ALCOHOLIC BEVERAGES,butter,0.1906,0.001,1,4.03333333333333,0.0040333333333333,0.781624086173231,729.810803751311,4.033333333333333,0.004033333333333333,0.7816240861732308,729.8108037513107,0.001,0.1903,0.7601,2023-06-25 21:23:03.419888,99.99999999999996,99.99999999999997,19.029999999999994,76.01000000000002
32,FOOD AND NON-ALCOHOLIC BEVERAGES,margarine and other vegetable fats,0.1906,0.0012,1,2.9,0.00348,0.781624086173231,729.810803751311,2.9000000000000004,0.00348,0.7816240861732308,729.8108037513107,0.0012,0.1903,0.7601,2023-06-25 21:23:03.419888,99.99999999999996,99.99999999999997,19.029999999999994,76.01000000000002
33,FOOD AND NON-ALCOHOLIC BEVERAGES,olive oil,0.1906,0.0013,1,9.444,0.0122772,0.781624086173231,729.810803751311,9.444,0.0122772,0.7816240861732308,729.8108037513107,0.0013,0.1903,0.7601,2023-06-25 21:23:03.419888,99.99999999999996,99.99999999999997,19.029999999999994,76.01000000000002
34,FOOD AND NON-ALCOHOLIC BEVERAGES,other edible oils,0.1906,0.0015,1,9.082,0.013623,0.781624086173231,729.810803751311,9.082,0.013623000000000001,0.7816240861732308,729.8108037513107,0.0015,0.1903,0.7601,2023-06-25 21:23:03.419888,99.99999999999996,99.99999999999997,19.029999999999994,76.01000000000002
35,FOOD AND NON-ALCOHOLIC BEVERAGES,fresh or chilled fruit,0.1906,0.0139,1,3.12555555555556,0.0434452222222222,0.781624086173231,729.810803751311,3.125555555555556,0.043445222222222225,0.7816240861732308,729.8108037513107,0.0139,0.1903,0.7601,2023-06-25 21:23:03.419888,99.99999999999996,99.99999999999997,19.029999999999994,76.01000000000002
36,FOOD AND NON-ALCOHOLIC BEVERAGES,dried fruit and nuts,0.1906,0.0038,1,3.56473684210526,0.013546,0.781624086173231,729.810803751311,3.564736842105263,0.013546,0.7816240861732308,729.8108037513107,0.0038,0.1903,0.7601,2023-06-25 21:23:03.419888,99.99999999999996,99.99999999999997,19.029999999999994,76.01000000000002
37,FOOD AND NON-ALCOHOLIC BEVERAGES,fresh or chilled vegetables other than potatoes and other tubers,0.1906,0.0138,1,1.812,0.0250056,0.781624086173231,729.810803751311,1.812,0.0250056,0.7816240861732308,729.8108037513107,0.0138,0.1903,0.7601,2023-06-25 21:23:03.419888,99.99999999999996,99.99999999999997,19.029999999999994,76.01000000000002
38,FOOD AND NON-ALCOHOLIC BEVERAGES,frozen vegetables other than potatoes and other tubers,0.1906,0.0009,1,2.728,0.0024552,0.781624086173231,729.810803751311,2.728,0.0024552000000000003,0.7816240861732308,729.8108037513107,0.0009,0.1903,0.7601,2023-06-25 21:23:03.419888,99.99999999999996,99.99999999999997,19.029999999999994,76.01000000000002
39,FOOD AND NON-ALCOHOLIC BEVERAGES,"dried vegetables, other preserved or processed vegetables",0.1906,0.0036,1,1.21416666666667,0.004371,0.781624086173231,729.810803751311,1.2141666666666666,0.004371,0.7816240861732308,729.8108037513107,0.0036,0.1903,0.7601,2023-06-25 21:23:03.419888,99.99999999999996,99.99999999999997,19.029999999999994,76.01000000000002
40,FOOD AND NON-ALCOHOLIC BEVERAGES,potatoes,0.1906,0.0026,1,2.04,0.005304,0.781624086173231,729.810803751311,2.04,0.005304,0.7816240861732308,729.8108037513107,0.0026,0.1903,0.7601,2023-06-25 21:23:03.419888,99.99999999999996,99.99999999999997,19.029999999999994,76.01000000000002
41,FOOD AND NON-ALCOHOLIC BEVERAGES,crisps,0.1906,0.0018,1,2.3,0.00414,0.781624086173231,729.810803751311,2.3,0.00414,0.7816240861732308,729.8108037513107,0.0018,0.1903,0.7601,2023-06-25 21:23:03.419888,99.99999999999996,99.99999999999997,19.029999999999994,76.01000000000002
42,FOOD AND NON-ALCOHOLIC BEVERAGES,sugar,0.1906,0.0007,1,1.44,0.001008,0.781624086173231,729.810803751311,1.44,0.001008,0.7816240861732308,729.8108037513107,0.0007,0.1903,0.7601,2023-06-25 21:23:03.419888,99.99999999999996,99.99999999999997,19.029999999999994,76.01000000000002
43,FOOD AND NON-ALCOHOLIC BEVERAGES,"jams, marmalades and honey",0.1906,0.0015,1,3.685625,0.0055284375,0.781624086173231,729.810803751311,3.685625,0.0055284375,0.7816240861732308,729.8108037513107,0.0015,0.1903,0.7601,2023-06-25 21:23:03.419888,99.99999999999996,99.99999999999997,19.029999999999994,76.01000000000002
44,FOOD AND NON-ALCOHOLIC BEVERAGES,chocolate,0.1906,0.0036,1,2.175,0.00783,0.781624086173231,729.810803751311,2.1750000000000003,0.00783,0.7816240861732308,729.8108037513107,0.0036,0.1903,0.7601,2023-06-25 21:23:03.419888,99.99999999999996,99.99999999999997,19.029999999999994,76.01000000000002
45,FOOD AND NON-ALCOHOLIC BEVERAGES,confectionery products,0.1906,0.0025,1,2.02470588235294,0.0050617647058823,0.781624086173231,729.810803751311,2.0247058823529414,0.005061764705882353,0.7816240861732308,729.8108037513107,0.0025,0.1903,0.7601,2023-06-25 21:23:03.419888,99.99999999999996,99.99999999999997,19.029999999999994,76.01000000000002
46,FOOD AND NON-ALCOHOLIC BEVERAGES,edible ices and ice cream,0.1906,0.0022,1,3.535,0.007777,0.781624086173231,729.810803751311,3.535,0.007777000000000001,0.7816240861732308,729.8108037513107,0.0022,0.1903,0.7601,2023-06-25 21:23:03.419888,99.99999999999996,99.99999999999997,19.029999999999994,76.01000000000002
47,FOOD AND NON-ALCOHOLIC BEVERAGES,artificial sugar substitutes,0.1906,0.0,1,3.33,0.0,0.781624086173231,729.810803751311,3.33,0.0,0.7816240861732308,729.8108037513107,0.0,0.1903,0.7601,2023-06-25 21:23:03.419888,99.99999999999996,99.99999999999997,19.029999999999994,76.01000000000002
48,FOOD AND NON-ALCOHOLIC BEVERAGES,"sauces, condiments",0.1906,0.0019,1,1.90238095238095,0.0036145238095238,0.781624086173231,729.810803751311,1.9023809523809525,0.0036145238095238097,0.7816240861732308,729.8108037513107,0.0019,0.1903,0.7601,2023-06-25 21:23:03.419888,99.99999999999996,99.99999999999997,19.029999999999994,76.01000000000002
49,FOOD AND NON-ALCOHOLIC BEVERAGES,"salt, spices and culinary herbs",0.1906,0.0008,1,1.09857142857143,0.0008788571428571,0.781624086173231,729.810803751311,1.0985714285714283,0.0008788571428571427,0.7816240861732308,729.8108037513107,0.0008,0.1903,0.7601,2023-06-25 21:23:03.419888,99.99999999999996,99.99999999999997,19.029999999999994,76.01000000000002
50,FOOD AND NON-ALCOHOLIC BEVERAGES,baby food,0.1906,0.0026,1,10.073125,0.026190125,0.781624086173231,729.810803751311,10.073125,0.026190124999999998,0.7816240861732308,729.8108037513107,0.0026,0.1903,0.7601,2023-06-25 21:23:03.419888,99.99999999999996,99.99999999999997,19.029999999999994,76.01000000000002
51,FOOD AND NON-ALCOHOLIC BEVERAGES,ready-made meals,0.1906,0.0008,1,4.842,0.0038736,0.781624086173231,729.810803751311,4.8420000000000005,0.0038736000000000005,0.7816240861732308,729.8108037513107,0.0008,0.1903,0.7601,2023-06-25 21:23:03.419888,99.99999999999996,99.99999999999997,19.029999999999994,76.01000000000002
52,FOOD AND NON-ALCOHOLIC BEVERAGES,other food products n.e.c.,0.1906,0.0009,1,2.04785714285714,0.0018430714285714,0.781624086173231,729.810803751311,2.047857142857143,0.0018430714285714287,0.7816240861732308,729.8108037513107,0.0009,0.1903,0.7601,2023-06-25 21:23:03.419888,99.99999999999996,99.99999999999997,19.029999999999994,76.01000000000002
53,FOOD AND NON-ALCOHOLIC BEVERAGES,coffee,0.1906,0.0044,1,5.11142857142857,0.0224902857142857,0.781624086173231,729.810803751311,5.111428571428571,0.022490285714285716,0.7816240861732308,729.8108037513107,0.0044,0.1903,0.7601,2023-06-25 21:23:03.419888,99.99999999999996,99.99999999999997,19.029999999999994,76.01000000000002
54,FOOD AND NON-ALCOHOLIC BEVERAGES,tea,0.1906,0.0004,1,1.735,0.000694,0.781624086173231,729.810803751311,1.735,0.0006940000000000001,0.7816240861732308,729.8108037513107,0.0004,0.1903,0.7601,2023-06-25 21:23:03.419888,99.99999999999996,99.99999999999997,19.029999999999994,76.01000000000002
55,FOOD AND NON-ALCOHOLIC BEVERAGES,cocoa and powdered chocolate,0.1906,0.0003,1,2.71,0.000813,0.781624086173231,729.810803751311,2.71,0.0008129999999999999,0.7816240861732308,729.8108037513107,0.0003,0.1903,0.7601,2023-06-25 21:23:03.419888,99.99999999999996,99.99999999999997,19.029999999999994,76.01000000000002
56,FOOD AND NON-ALCOHOLIC BEVERAGES,mineral or spring waters,0.1906,0.0029,1,2.787,0.0080823,0.781624086173231,729.810803751311,2.7870000000000004,0.0080823,0.7816240861732308,729.8108037513107,0.0029,0.1903,0.7601,2023-06-25 21:23:03.419888,99.99999999999996,99.99999999999997,19.029999999999994,76.01000000000002
57,FOOD AND NON-ALCOHOLIC BEVERAGES,soft drinks,0.1906,0.0056,1,4.35384615384615,0.0243815384615385,0.781624086173231,729.810803751311,4.353846153846154,0.024381538461538465,0.7816240861732308,729.8108037513107,0.0056,0.1903,0.7601,2023-06-25 21:23:03.419888,99.99999999999996,99.99999999999997,19.029999999999994,76.01000000000002
58,FOOD AND NON-ALCOHOLIC BEVERAGES,fruit and vegetable juices,0.1906,0.0033,1,2.10684210526316,0.0069525789473684,0.781624086173231,729.810803751311,2.1068421052631585,0.006952578947368423,0.7816240861732308,729.8108037513107,0.0033,0.1903,0.7601,2023-06-25 21:23:03.419888,99.99999999999996,99.99999999999997,19.029999999999994,76.01000000000002
59,ALCOHOLIC BEVERAGES AND TOBACCO,spirits and liqueurs,0.0347,0.0023,1,15.506,0.0356638,0.6006058,729.810803751311,15.506,0.0356638,0.6006058000000001,729.8108037513107,0.0023,0.0347,0.7601,2023-06-25 21:23:03.419888,99.99999999999996,100.00000000000001,3.4700000000000006,76.01000000000002
60,ALCOHOLIC BEVERAGES AND TOBACCO,wine from grapes,0.0347,0.0018,1,3.21,0.005778,0.6006058,729.810803751311,3.2099999999999995,0.005777999999999999,0.6006058000000001,729.8108037513107,0.0018,0.0347,0.7601,2023-06-25 21:23:03.419888,99.99999999999996,100.00000000000001,3.4700000000000006,76.01000000000002
61,ALCOHOLIC BEVERAGES AND TOBACCO,lager beer,0.0347,0.0026,1,6.29,0.016354,0.6006058,729.810803751311,6.29,0.016354,0.6006058000000001,729.8108037513107,0.0026,0.0347,0.7601,2023-06-25 21:23:03.419888,99.99999999999996,100.00000000000001,3.4700000000000006,76.01000000000002
62,ALCOHOLIC BEVERAGES AND TOBACCO,cigarettes,0.0347,0.0171,1,5.0,0.0855,0.6006058,729.810803751311,5.0,0.0855,0.6006058000000001,729.8108037513107,0.0171,0.0347,0.7601,2023-06-25 21:23:03.419888,99.99999999999996,100.00000000000001,3.4700000000000006,76.01000000000002
63,ALCOHOLIC BEVERAGES AND TOBACCO,cigars,0.0347,0.0033,1,2.7,0.00891,0.6006058,729.810803751311,2.7,0.008910000000000001,0.6006058000000001,729.8108037513107,0.0033,0.0347,0.7601,2023-06-25 21:23:03.419888,99.99999999999996,100.00000000000001,3.4700000000000006,76.01000000000002
64,ALCOHOLIC BEVERAGES AND TOBACCO,other tobacco products,0.0347,0.0076,1,59.0,0.4484,0.6006058,729.810803751311,59.0,0.4484,0.6006058000000001,729.8108037513107,0.0076,0.0347,0.7601,2023-06-25 21:23:03.419888,99.99999999999996,100.00000000000001,3.4700000000000006,76.01000000000002
65,CLOTHING AND FOOTWEAR,garments for men,0.0721,0.0185,1,25.2428571428571,0.466992857142857,2.18448952380952,729.810803751311,25.242857142857144,0.46699285714285715,2.184489523809524,729.8108037513107,0.0185,0.0706,0.7601,2023-06-25 21:23:03.419888,99.99999999999996,100.00000000000018,7.060000000000013,76.01000000000002
66,CLOTHING AND FOOTWEAR,garments for women,0.0721,0.0234,1,24.3708333333333,0.5702775,2.18448952380952,729.810803751311,24.370833333333337,0.5702775000000001,2.184489523809524,729.8108037513107,0.0234,0.0706,0.7601,2023-06-25 21:23:03.419888,99.99999999999996,100.00000000000018,7.060000000000013,76.01000000000002
67,CLOTHING AND FOOTWEAR,garments for infants (0 to 2 years) and children (3 to 13 years),0.0721,0.0116,1,19.775,0.22939,2.18448952380952,729.810803751311,19.775,0.22938999999999996,2.184489523809524,729.8108037513107,0.0116,0.0706,0.7601,2023-06-25 21:23:03.419888,99.99999999999996,100.00000000000018,7.060000000000013,76.01000000000002
68,CLOTHING AND FOOTWEAR,other articles of clothing,0.0721,0.0004,0,,,2.18448952380952,729.810803751311,,,2.184489523809524,729.8108037513107,0.0,0.0706,0.7601,2023-06-25 21:23:03.419888,99.99999999999996,100.00000000000018,7.060000000000013,76.01000000000002
69,CLOTHING AND FOOTWEAR,clothing accessories,0.0721,0.0004,1,17.6666666666667,0.0070666666666666,2.18448952380952,729.810803751311,17.666666666666668,0.007066666666666667,2.184489523809524,729.8108037513107,0.0004,0.0706,0.7601,2023-06-25 21:23:03.419888,99.99999999999996,100.00000000000018,7.060000000000013,76.01000000000002
70,CLOTHING AND FOOTWEAR,cleaning of clothing,0.0721,0.0008,0,,,2.18448952380952,729.810803751311,,,2.184489523809524,729.8108037513107,0.0,0.0706,0.7601,2023-06-25 21:23:03.419888,99.99999999999996,100.00000000000018,7.060000000000013,76.01000000000002
71,CLOTHING AND FOOTWEAR,repair and hire of clothing,0.0721,0.0003,0,,,2.18448952380952,729.810803751311,,,2.184489523809524,729.8108037513107,0.0,0.0706,0.7601,2023-06-25 21:23:03.419888,99.99999999999996,100.00000000000018,7.060000000000013,76.01000000000002
72,CLOTHING AND FOOTWEAR,footwear for men,0.0721,0.0065,1,50.625,0.3290625,2.18448952380952,729.810803751311,50.625,0.3290625,2.184489523809524,729.8108037513107,0.0065,0.0706,0.7601,2023-06-25 21:23:03.419888,99.99999999999996,100.00000000000018,7.060000000000013,76.01000000000002
73,CLOTHING AND FOOTWEAR,footwear for women,0.0721,0.0072,1,62.6666666666667,0.4512,2.18448952380952,729.810803751311,62.66666666666666,0.45119999999999993,2.184489523809524,729.8108037513107,0.0072,0.0706,0.7601,2023-06-25 21:23:03.419888,99.99999999999996,100.00000000000018,7.060000000000013,76.01000000000002
74,CLOTHING AND FOOTWEAR,footwear for infants and children,0.0721,0.003,1,43.5,0.1305,2.18448952380952,729.810803751311,43.5,0.1305,2.184489523809524,729.8108037513107,0.003,0.0706,0.7601,2023-06-25 21:23:03.419888,99.99999999999996,100.00000000000018,7.060000000000013,76.01000000000002
75,"HOUSING, WATER, ELECTRICITY, GAS AND OTHER FUELS",actual rentals paid by tenants,0.0828,0.0291,0,,,0.23675,729.810803751311,,,0.23675000000000002,729.8108037513107,0.0,0.0504,0.7601,2023-06-25 21:23:03.419888,99.99999999999996,100.00000000000001,5.040000000000001,76.01000000000002
76,"HOUSING, WATER, ELECTRICITY, GAS AND OTHER FUELS",materials for the maintenance and repair of the dwelling,0.0828,0.0023,0,,,0.23675,729.810803751311,,,0.23675000000000002,729.8108037513107,0.0,0.0504,0.7601,2023-06-25 21:23:03.419888,99.99999999999996,100.00000000000001,5.040000000000001,76.01000000000002
77,"HOUSING, WATER, ELECTRICITY, GAS AND OTHER FUELS",services of plumbers,0.0828,0.0016,0,,,0.23675,729.810803751311,,,0.23675000000000002,729.8108037513107,0.0,0.0504,0.7601,2023-06-25 21:23:03.419888,99.99999999999996,100.00000000000001,5.040000000000001,76.01000000000002
78,"HOUSING, WATER, ELECTRICITY, GAS AND OTHER FUELS",services of electricians,0.0828,0.0006,0,,,0.23675,729.810803751311,,,0.23675000000000002,729.8108037513107,0.0,0.0504,0.7601,2023-06-25 21:23:03.419888,99.99999999999996,100.00000000000001,5.040000000000001,76.01000000000002
79,"HOUSING, WATER, ELECTRICITY, GAS AND OTHER FUELS",maintenance services for heating systems,0.0828,0.0004,0,,,0.23675,729.810803751311,,,0.23675000000000002,729.8108037513107,0.0,0.0504,0.7601,2023-06-25 21:23:03.419888,99.99999999999996,100.00000000000001,5.040000000000001,76.01000000000002
80,"HOUSING, WATER, ELECTRICITY, GAS AND OTHER FUELS",services of painters,0.0828,0.0038,0,,,0.23675,729.810803751311,,,0.23675000000000002,729.8108037513107,0.0,0.0504,0.7601,2023-06-25 21:23:03.419888,99.99999999999996,100.00000000000001,5.040000000000001,76.01000000000002
81,"HOUSING, WATER, ELECTRICITY, GAS AND OTHER FUELS",services of carpenters,0.0828,0.0017,0,,,0.23675,729.810803751311,,,0.23675000000000002,729.8108037513107,0.0,0.0504,0.7601,2023-06-25 21:23:03.419888,99.99999999999996,100.00000000000001,5.040000000000001,76.01000000000002
82,"HOUSING, WATER, ELECTRICITY, GAS AND OTHER FUELS",other services for maintenance and repair of the dwelling,0.0828,0.0101,0,,,0.23675,729.810803751311,,,0.23675000000000002,729.8108037513107,0.0,0.0504,0.7601,2023-06-25 21:23:03.419888,99.99999999999996,100.00000000000001,5.040000000000001,76.01000000000002
83,"HOUSING, WATER, ELECTRICITY, GAS AND OTHER FUELS",water supply,0.0828,0.0072,1,11.0,0.0792,0.23675,729.810803751311,11.0,0.07919999999999999,0.23675000000000002,729.8108037513107,0.0072,0.0504,0.7601,2023-06-25 21:23:03.419888,99.99999999999996,100.00000000000001,5.040000000000001,76.01000000000002
85,"HOUSING, WATER, ELECTRICITY, GAS AND OTHER FUELS",refuse collection,0.0828,0.0045,0,,,0.23675,729.810803751311,,,0.23675000000000002,729.8108037513107,0.0,0.0504,0.7601,2023-06-25 21:23:03.419888,99.99999999999996,100.00000000000001,5.040000000000001,76.01000000000002
86,"HOUSING, WATER, ELECTRICITY, GAS AND OTHER FUELS",sewage collection,0.0828,0.002,1,0.665,0.00133,0.23675,729.810803751311,0.665,0.00133,0.23675000000000002,729.8108037513107,0.002,0.0504,0.7601,2023-06-25 21:23:03.419888,99.99999999999996,100.00000000000001,5.040000000000001,76.01000000000002
88,"HOUSING, WATER, ELECTRICITY, GAS AND OTHER FUELS",maintenance charges in multi-occupied buildings,0.0828,0.0022,0,,,0.23675,729.810803751311,,,0.23675000000000002,729.8108037513107,0.0,0.0504,0.7601,2023-06-25 21:23:03.419888,99.99999999999996,100.00000000000001,5.040000000000001,76.01000000000002
89,"HOUSING, WATER, ELECTRICITY, GAS AND OTHER FUELS",electricity,0.0828,0.0316,1,3.07,0.097012,0.23675,729.810803751311,3.0700000000000003,0.09701200000000001,0.23675000000000002,729.8108037513107,0.0316,0.0504,0.7601,2023-06-25 21:23:03.419888,99.99999999999996,100.00000000000001,5.040000000000001,76.01000000000002
90,"HOUSING, WATER, ELECTRICITY, GAS AND OTHER FUELS",natural gas and town gas,0.0828,0.0021,0,,,0.23675,729.810803751311,,,0.23675000000000002,729.8108037513107,0.0,0.0504,0.7601,2023-06-25 21:23:03.419888,99.99999999999996,100.00000000000001,5.040000000000001,76.01000000000002
91,"HOUSING, WATER, ELECTRICITY, GAS AND OTHER FUELS",liquefied hydrocarbons,0.0828,0.0025,1,20.9,0.05225,0.23675,729.810803751311,20.9,0.05225,0.23675000000000002,729.8108037513107,0.0025,0.0504,0.7601,2023-06-25 21:23:03.419888,99.99999999999996,100.00000000000001,5.040000000000001,76.01000000000002
92,"HOUSING, WATER, ELECTRICITY, GAS AND OTHER FUELS",liquid fuels,0.0828,0.0071,1,0.98,0.006958,0.23675,729.810803751311,0.98,0.006958000000000001,0.23675000000000002,729.8108037513107,0.0071,0.0504,0.7601,2023-06-25 21:23:03.419888,99.99999999999996,100.00000000000001,5.040000000000001,76.01000000000002
93,"HOUSING, WATER, ELECTRICITY, GAS AND OTHER FUELS",coal,0.0828,0.0015,0,,,0.23675,729.810803751311,,,0.23675000000000002,729.8108037513107,0.0,0.0504,0.7601,2023-06-25 21:23:03.419888,99.99999999999996,100.00000000000001,5.040000000000001,76.01000000000002
94,"HOUSING, WATER, ELECTRICITY, GAS AND OTHER FUELS",other solid fuels,0.0828,0.0016,0,,,0.23675,729.810803751311,,,0.23675000000000002,729.8108037513107,0.0,0.0504,0.7601,2023-06-25 21:23:03.419888,99.99999999999996,100.00000000000001,5.040000000000001,76.01000000000002
95,"FURNISHING, HOUSEHOLD EQUIPMENT AND SUPPLIES",household furniture,0.0644,0.0088,1,124.98,1.099824,4.11070382463768,729.810803751311,124.98,1.0998240000000001,4.110703824637682,729.8108037513107,0.0088,0.043800000000000006,0.7601,2023-06-25 21:23:03.419888,99.99999999999996,100.00000000000004,4.380000000000003,76.01000000000002
96,"FURNISHING, HOUSEHOLD EQUIPMENT AND SUPPLIES",garden furniture,0.0644,0.0008,1,19.245,0.015396,4.11070382463768,729.810803751311,19.245,0.015396000000000002,4.110703824637682,729.8108037513107,0.0008,0.043800000000000006,0.7601,2023-06-25 21:23:03.419888,99.99999999999996,100.00000000000004,4.380000000000003,76.01000000000002
97,"FURNISHING, HOUSEHOLD EQUIPMENT AND SUPPLIES",lighting equipment,0.0644,0.0007,1,15.99,0.011193,4.11070382463768,729.810803751311,15.99,0.011193,4.110703824637682,729.8108037513107,0.0007,0.043800000000000006,0.7601,2023-06-25 21:23:03.419888,99.99999999999996,100.00000000000004,4.380000000000003,76.01000000000002
98,"FURNISHING, HOUSEHOLD EQUIPMENT AND SUPPLIES",other furniture and furnishings,0.0644,0.0012,1,51.892,0.0622704,4.11070382463768,729.810803751311,51.89200000000001,0.062270400000000004,4.110703824637682,729.8108037513107,0.0012,0.043800000000000006,0.7601,2023-06-25 21:23:03.419888,99.99999999999996,100.00000000000004,4.380000000000003,76.01000000000002
99,"FURNISHING, HOUSEHOLD EQUIPMENT AND SUPPLIES",carpets and rugs,0.0644,0.0004,1,4.82333333333333,0.0019293333333333,4.11070382463768,729.810803751311,4.823333333333333,0.0019293333333333335,4.110703824637682,729.8108037513107,0.0004,0.043800000000000006,0.7601,2023-06-25 21:23:03.419888,99.99999999999996,100.00000000000004,4.380000000000003,76.01000000000002
100,"FURNISHING, HOUSEHOLD EQUIPMENT AND SUPPLIES",furnishing fabrics and curtains,0.0644,0.0012,1,46.0,0.0552,4.11070382463768,729.810803751311,46.0,0.05519999999999999,4.110703824637682,729.8108037513107,0.0012,0.043800000000000006,0.7601,2023-06-25 21:23:03.419888,99.99999999999996,100.00000000000004,4.380000000000003,76.01000000000002
101,"FURNISHING, HOUSEHOLD EQUIPMENT AND SUPPLIES",bed linen,0.0644,0.0008,1,129.0,0.1032,4.11070382463768,729.810803751311,129.0,0.1032,4.110703824637682,729.8108037513107,0.0008,0.043800000000000006,0.7601,2023-06-25 21:23:03.419888,99.99999999999996,100.00000000000004,4.380000000000003,76.01000000000002
102,"FURNISHING, HOUSEHOLD EQUIPMENT AND SUPPLIES",table linen and bathroom linen,0.0644,0.0003,1,45.0,0.0135,4.11070382463768,729.810803751311,45.0,0.013499999999999998,4.110703824637682,729.8108037513107,0.0003,0.043800000000000006,0.7601,2023-06-25 21:23:03.419888,99.99999999999996,100.00000000000004,4.380000000000003,76.01000000000002
103,"FURNISHING, HOUSEHOLD EQUIPMENT AND SUPPLIES","refrigerators, freezers and fridge-freezers",0.0644,0.0016,1,422.333333333333,0.675733333333333,4.11070382463768,729.810803751311,422.3333333333333,0.6757333333333333,4.110703824637682,729.8108037513107,0.0016,0.043800000000000006,0.7601,2023-06-25 21:23:03.419888,99.99999999999996,100.00000000000004,4.380000000000003,76.01000000000002
104,"FURNISHING, HOUSEHOLD EQUIPMENT AND SUPPLIES","clothes washing machines, clothes drying machines and dish washing machines",0.0644,0.002,1,309.0,0.618,4.11070382463768,729.810803751311,309.0,0.618,4.110703824637682,729.8108037513107,0.002,0.043800000000000006,0.7601,2023-06-25 21:23:03.419888,99.99999999999996,100.00000000000004,4.380000000000003,76.01000000000002
105,"FURNISHING, HOUSEHOLD EQUIPMENT AND SUPPLIES",cookers,0.0644,0.0012,1,68.475,0.08217,4.11070382463768,729.810803751311,68.475,0.08216999999999998,4.110703824637682,729.8108037513107,0.0012,0.043800000000000006,0.7601,2023-06-25 21:23:03.419888,99.99999999999996,100.00000000000004,4.380000000000003,76.01000000000002
106,"FURNISHING, HOUSEHOLD EQUIPMENT AND SUPPLIES","heaters, air conditioners",0.0644,0.0025,1,399.0,0.9975,4.11070382463768,729.810803751311,399.0,0.9975,4.110703824637682,729.8108037513107,0.0025,0.043800000000000006,0.7601,2023-06-25 21:23:03.419888,99.99999999999996,100.00000000000004,4.380000000000003,76.01000000000002
107,"FURNISHING, HOUSEHOLD EQUIPMENT AND SUPPLIES",cleaning equipment,0.0644,0.0002,1,8.172,0.0016344,4.11070382463768,729.810803751311,8.172,0.0016344000000000003,4.110703824637682,729.8108037513107,0.0002,0.043800000000000006,0.7601,2023-06-25 21:23:03.419888,99.99999999999996,100.00000000000004,4.380000000000003,76.01000000000002
109,"FURNISHING, HOUSEHOLD EQUIPMENT AND SUPPLIES",food processing appliances,0.0644,0.0003,1,89.0,0.0267,4.11070382463768,729.810803751311,89.0,0.026699999999999998,4.110703824637682,729.8108037513107,0.0003,0.043800000000000006,0.7601,2023-06-25 21:23:03.419888,99.99999999999996,100.00000000000004,4.380000000000003,76.01000000000002
110,"FURNISHING, HOUSEHOLD EQUIPMENT AND SUPPLIES","coffee machines, tea makers and similar appliances",0.0644,0.0002,1,23.9625,0.0047925,4.11070382463768,729.810803751311,23.9625,0.0047925,4.110703824637682,729.8108037513107,0.0002,0.043800000000000006,0.7601,2023-06-25 21:23:03.419888,99.99999999999996,100.00000000000004,4.380000000000003,76.01000000000002
111,"FURNISHING, HOUSEHOLD EQUIPMENT AND SUPPLIES",irons,0.0644,0.0003,1,24.95,0.007485,4.11070382463768,729.810803751311,24.95,0.0074849999999999995,4.110703824637682,729.8108037513107,0.0003,0.043800000000000006,0.7601,2023-06-25 21:23:03.419888,99.99999999999996,100.00000000000004,4.380000000000003,76.01000000000002
112,"FURNISHING, HOUSEHOLD EQUIPMENT AND SUPPLIES",toasters and grills,0.0644,0.0003,1,37.45,0.011235,4.11070382463768,729.810803751311,37.45,0.011235,4.110703824637682,729.8108037513107,0.0003,0.043800000000000006,0.7601,2023-06-25 21:23:03.419888,99.99999999999996,100.00000000000004,4.380000000000003,76.01000000000002
113,"FURNISHING, HOUSEHOLD EQUIPMENT AND SUPPLIES",other small electric household appliances,0.0644,0.0,1,36.95,0.0,4.11070382463768,729.810803751311,36.95,0.0,4.110703824637682,729.8108037513107,0.0,0.043800000000000006,0.7601,2023-06-25 21:23:03.419888,99.99999999999996,100.00000000000004,4.380000000000003,76.01000000000002
114,"FURNISHING, HOUSEHOLD EQUIPMENT AND SUPPLIES",repair of household appliances,0.0644,0.0005,1,13.3233333333333,0.0066616666666666,4.11070382463768,729.810803751311,13.323333333333332,0.006661666666666666,4.110703824637682,729.8108037513107,0.0005,0.043800000000000006,0.7601,2023-06-25 21:23:03.419888,99.99999999999996,100.00000000000004,4.380000000000003,76.01000000000002
115,"FURNISHING, HOUSEHOLD EQUIPMENT AND SUPPLIES","glassware, crystal-ware, ceramic ware and chinaware",0.0644,0.0016,1,0.79,0.001264,4.11070382463768,729.810803751311,0.79,0.0012640000000000001,4.110703824637682,729.8108037513107,0.0016,0.043800000000000006,0.7601,2023-06-25 21:23:03.419888,99.99999999999996,100.00000000000004,4.380000000000003,76.01000000000002
116,"FURNISHING, HOUSEHOLD EQUIPMENT AND SUPPLIES","cutlery, flatware and silverware",0.0644,0.0004,1,6.49,0.002596,4.11070382463768,729.810803751311,6.489999999999999,0.002596,4.110703824637682,729.8108037513107,0.0004,0.043800000000000006,0.7601,2023-06-25 21:23:03.419888,99.99999999999996,100.00000000000004,4.380000000000003,76.01000000000002
117,"FURNISHING, HOUSEHOLD EQUIPMENT AND SUPPLIES",non-electric kitchen utensils and articles,0.0644,0.0023,1,19.306,0.0444038,4.11070382463768,729.810803751311,19.306,0.0444038,4.110703824637682,729.8108037513107,0.0023,0.043800000000000006,0.7601,2023-06-25 21:23:03.419888,99.99999999999996,100.00000000000004,4.380000000000003,76.01000000000002
118,"FURNISHING, HOUSEHOLD EQUIPMENT AND SUPPLIES",motorized major tools and equipment,0.0644,0.0017,1,109.9,0.18683,4.11070382463768,729.810803751311,109.9,0.18683,4.110703824637682,729.8108037513107,0.0017,0.043800000000000006,0.7601,2023-06-25 21:23:03.419888,99.99999999999996,100.00000000000004,4.380000000000003,76.01000000000002
119,"FURNISHING, HOUSEHOLD EQUIPMENT AND SUPPLIES",non-motorized small tools,0.0644,0.0005,1,17.9,0.00895,4.11070382463768,729.810803751311,17.9,0.00895,4.110703824637682,729.8108037513107,0.0005,0.043800000000000006,0.7601,2023-06-25 21:23:03.419888,99.99999999999996,100.00000000000004,4.380000000000003,76.01000000000002
120,"FURNISHING, HOUSEHOLD EQUIPMENT AND SUPPLIES",miscellaneous small tool accessories,0.0644,0.0013,1,,,4.11070382463768,729.810803751311,,,4.110703824637682,729.8108037513107,0.0013,0.043800000000000006,0.7601,2023-06-25 21:23:03.419888,99.99999999999996,100.00000000000004,4.380000000000003,76.01000000000002
121,"FURNISHING, HOUSEHOLD EQUIPMENT AND SUPPLIES",cleaning and maintenance products,0.0644,0.0127,1,5.68782608695652,0.0722353913043478,4.11070382463768,729.810803751311,5.687826086956521,0.07223539130434782,4.110703824637682,729.8108037513107,0.0127,0.043800000000000006,0.7601,2023-06-25 21:23:03.419888,99.99999999999996,100.00000000000004,4.380000000000003,76.01000000000002
122,"FURNISHING, HOUSEHOLD EQUIPMENT AND SUPPLIES",other non-durable small household articles,0.0644,0.0061,0,,,4.11070382463768,729.810803751311,,,4.110703824637682,729.8108037513107,0.0,0.043800000000000006,0.7601,2023-06-25 21:23:03.419888,99.99999999999996,100.00000000000004,4.380000000000003,76.01000000000002
123,"FURNISHING, HOUSEHOLD EQUIPMENT AND SUPPLIES",domestic services by paid staff,0.0644,0.0145,0,,,4.11070382463768,729.810803751311,,,4.110703824637682,729.8108037513107,0.0,0.043800000000000006,0.7601,2023-06-25 21:23:03.419888,99.99999999999996,100.00000000000004,4.380000000000003,76.01000000000002
124,"FURNISHING, HOUSEHOLD EQUIPMENT AND SUPPLIES",cleaning services,0.0644,0.0,0,,,4.11070382463768,729.810803751311,,,4.110703824637682,729.8108037513107,0.0,0.043800000000000006,0.7601,2023-06-25 21:23:03.419888,99.99999999999996,100.00000000000004,4.380000000000003,76.01000000000002
125,"FURNISHING, HOUSEHOLD EQUIPMENT AND SUPPLIES",other domestic services and household services,0.0644,0.0,0,,,4.11070382463768,729.810803751311,,,4.110703824637682,729.8108037513107,0.0,0.043800000000000006,0.7601,2023-06-25 21:23:03.419888,99.99999999999996,100.00000000000004,4.380000000000003,76.01000000000002
126,HEALTH,pharmaceutical products,0.0637,0.0202,1,4.48,0.090496,0.163196,729.810803751311,4.48,0.09049600000000001,0.163196,729.8108037513107,0.0202,0.021400000000000002,0.7601,2023-06-25 21:23:03.419888,99.99999999999996,100.0,2.14,76.01000000000002
127,HEALTH,pregnancy tests and mechanical contraceptive devices,0.0637,0.0004,1,14.91,0.005964,0.163196,729.810803751311,14.91,0.0059640000000000006,0.163196,729.8108037513107,0.0004,0.021400000000000002,0.7601,2023-06-25 21:23:03.419888,99.99999999999996,100.0,2.14,76.01000000000002
128,HEALTH,other medical products n.e.c.,0.0637,0.0005,1,65.0,0.0325,0.163196,729.810803751311,65.0,0.0325,0.163196,729.8108037513107,0.0005,0.021400000000000002,0.7601,2023-06-25 21:23:03.419888,99.99999999999996,100.0,2.14,76.01000000000002
129,HEALTH,corrective eye-glasses and contact lenses,0.0637,0.001,0,,,0.163196,729.810803751311,,,0.163196,729.8108037513107,0.0,0.021400000000000002,0.7601,2023-06-25 21:23:03.419888,99.99999999999996,100.0,2.14,76.01000000000002
130,HEALTH,repair of therapeutic appliances and equipment,0.0637,0.0006,0,,,0.163196,729.810803751311,,,0.163196,729.8108037513107,0.0,0.021400000000000002,0.7601,2023-06-25 21:23:03.419888,99.99999999999996,100.0,2.14,76.01000000000002
131,HEALTH,other therapeutic appliances and equipment,0.0637,0.0003,1,114.12,0.034236,0.163196,729.810803751311,114.12,0.034235999999999996,0.163196,729.8108037513107,0.0003,0.021400000000000002,0.7601,2023-06-25 21:23:03.419888,99.99999999999996,100.0,2.14,76.01000000000002
132,HEALTH,general practice,0.0637,0.0,0,,,0.163196,729.810803751311,,,0.163196,729.8108037513107,0.0,0.021400000000000002,0.7601,2023-06-25 21:23:03.419888,99.99999999999996,100.0,2.14,76.01000000000002
133,HEALTH,specialist practice,0.0637,0.0122,0,,,0.163196,729.810803751311,,,0.163196,729.8108037513107,0.0,0.021400000000000002,0.7601,2023-06-25 21:23:03.419888,99.99999999999996,100.0,2.14,76.01000000000002
134,HEALTH,dental services,0.0637,0.0059,0,,,0.163196,729.810803751311,,,0.163196,729.8108037513107,0.0,0.021400000000000002,0.7601,2023-06-25 21:23:03.419888,99.99999999999996,100.0,2.14,76.01000000000002
135,HEALTH,"services of medical analysis laboratories and x-ray 



centres",0.0637,0.0079,0,,,0.163196,729.810803751311,,,0.163196,729.8108037513107,0.0,0.021400000000000002,0.7601,2023-06-25 21:23:03.419888,99.99999999999996,100.0,2.14,76.01000000000002
136,HEALTH,other paramedical services,0.0637,0.0054,0,,,0.163196,729.810803751311,,,0.163196,729.8108037513107,0.0,0.021400000000000002,0.7601,2023-06-25 21:23:03.419888,99.99999999999996,100.0,2.14,76.01000000000002
137,HEALTH,hospital services,0.0637,0.0093,0,,,0.163196,729.810803751311,,,0.163196,729.8108037513107,0.0,0.021400000000000002,0.7601,2023-06-25 21:23:03.419888,99.99999999999996,100.0,2.14,76.01000000000002
138,TRANSPORT,new motor cars,0.1417,0.0188,1,20650.0,388.22,395.470555866667,729.810803751311,20650.0,388.22,395.4705558666667,729.8108037513107,0.0188,0.1166,0.7601,2023-06-25 21:23:03.419888,99.99999999999996,99.99999999999993,11.659999999999991,76.01000000000002
139,TRANSPORT,second-hand motor cars,0.1417,0.0138,0,,,395.470555866667,729.810803751311,,,395.4705558666667,729.8108037513107,0.0,0.1166,0.7601,2023-06-25 21:23:03.419888,99.99999999999996,99.99999999999993,11.659999999999991,76.01000000000002
140,TRANSPORT,motor cycles,0.1417,0.0011,1,6100.0,6.71,395.470555866667,729.810803751311,6100.0,6.71,395.4705558666667,729.8108037513107,0.0011,0.1166,0.7601,2023-06-25 21:23:03.419888,99.99999999999996,99.99999999999993,11.659999999999991,76.01000000000002
141,TRANSPORT,bicycles,0.1417,0.0003,1,570.0,0.171,395.470555866667,729.810803751311,570.0,0.17099999999999999,395.4705558666667,729.8108037513107,0.0003,0.1166,0.7601,2023-06-25 21:23:03.419888,99.99999999999996,99.99999999999993,11.659999999999991,76.01000000000002
142,TRANSPORT,tyres,0.1417,0.0015,1,55.33333333333329,0.083,395.470555866667,729.810803751311,55.333333333333336,0.083,395.4705558666667,729.8108037513107,0.0015,0.1166,0.7601,2023-06-25 21:23:03.419888,99.99999999999996,99.99999999999993,11.659999999999991,76.01000000000002
143,TRANSPORT,spare parts for personal transport equipment,0.1417,0.0011,1,12.4833333333333,0.0137316666666667,395.470555866667,729.810803751311,12.483333333333334,0.013731666666666668,395.4705558666667,729.8108037513107,0.0011,0.1166,0.7601,2023-06-25 21:23:03.419888,99.99999999999996,99.99999999999993,11.659999999999991,76.01000000000002
144,TRANSPORT,accessories for personal transport equipment,0.1417,0.0,0,,,395.470555866667,729.810803751311,,,395.4705558666667,729.8108037513107,0.0,0.1166,0.7601,2023-06-25 21:23:03.419888,99.99999999999996,99.99999999999993,11.659999999999991,76.01000000000002
145,TRANSPORT,diesel,0.1417,0.0143,1,1.263,0.0180609,395.470555866667,729.810803751311,1.263,0.018060899999999998,395.4705558666667,729.8108037513107,0.0143,0.1166,0.7601,2023-06-25 21:23:03.419888,99.99999999999996,99.99999999999993,11.659999999999991,76.01000000000002
146,TRANSPORT,petrol,0.1417,0.0607,1,1.379,0.0837053,395.470555866667,729.810803751311,1.379,0.0837053,395.4705558666667,729.8108037513107,0.0607,0.1166,0.7601,2023-06-25 21:23:03.419888,99.99999999999996,99.99999999999993,11.659999999999991,76.01000000000002
147,TRANSPORT,lubricants,0.1417,0.0004,1,10.425,0.00417,395.470555866667,729.810803751311,10.425,0.00417,395.4705558666667,729.8108037513107,0.0004,0.1166,0.7601,2023-06-25 21:23:03.419888,99.99999999999996,99.99999999999993,11.659999999999991,76.01000000000002
148,TRANSPORT,maintenance and repair of personal transport equipment,0.1417,0.0184,1,9.07,0.166888,395.470555866667,729.810803751311,9.07,0.166888,395.4705558666667,729.8108037513107,0.0184,0.1166,0.7601,2023-06-25 21:23:03.419888,99.99999999999996,99.99999999999993,11.659999999999991,76.01000000000002
149,TRANSPORT,"hire of garages, parking spaces and personal transport equipment",0.1417,0.0005,0,,,395.470555866667,729.810803751311,,,395.4705558666667,729.8108037513107,0.0,0.1166,0.7601,2023-06-25 21:23:03.419888,99.99999999999996,99.99999999999993,11.659999999999991,76.01000000000002
150,TRANSPORT,toll facilities and parking meters,0.1417,0.0003,0,,,395.470555866667,729.810803751311,,,395.4705558666667,729.8108037513107,0.0,0.1166,0.7601,2023-06-25 21:23:03.419888,99.99999999999996,99.99999999999993,11.659999999999991,76.01000000000002
151,TRANSPORT,"driving lessons, tests, licences and road worthiness tests",0.1417,0.009,0,,,395.470555866667,729.810803751311,,,395.4705558666667,729.8108037513107,0.0,0.1166,0.7601,2023-06-25 21:23:03.419888,99.99999999999996,99.99999999999993,11.659999999999991,76.01000000000002
152,TRANSPORT,passenger transport by bus and coach,0.1417,0.0008,0,,,395.470555866667,729.810803751311,,,395.4705558666667,729.8108037513107,0.0,0.1166,0.7601,2023-06-25 21:23:03.419888,99.99999999999996,99.99999999999993,11.659999999999991,76.01000000000002
153,TRANSPORT,passenger transport by taxi and hired car with driver,0.1417,0.0007,0,,,395.470555866667,729.810803751311,,,395.4705558666667,729.8108037513107,0.0,0.1166,0.7601,2023-06-25 21:23:03.419888,99.99999999999996,99.99999999999993,11.659999999999991,76.01000000000002
154,TRANSPORT,international flights,0.1417,0.0,0,,,395.470555866667,729.810803751311,,,395.4705558666667,729.8108037513107,0.0,0.1166,0.7601,2023-06-25 21:23:03.419888,99.99999999999996,99.99999999999993,11.659999999999991,76.01000000000002
155,TRANSPORT,removal and storage services,0.1417,0.0,0,,,395.470555866667,729.810803751311,,,395.4705558666667,729.8108037513107,0.0,0.1166,0.7601,2023-06-25 21:23:03.419888,99.99999999999996,99.99999999999993,11.659999999999991,76.01000000000002
156,COMMUNICATION,letter handling services,0.0439,0.0006,1,1.05,0.00063,0.330743108333333,729.810803751311,1.05,0.0006299999999999999,0.3307431083333333,729.8108037513107,0.0006,0.043899999999999995,0.7601,2023-06-25 21:23:03.419888,99.99999999999996,100.00000000000009,4.390000000000003,76.01000000000002
157,COMMUNICATION,other postal services,0.0439,0.0005,1,12.5166666666667,0.0062583333333333,0.330743108333333,729.810803751311,12.516666666666666,0.006258333333333333,0.3307431083333333,729.8108037513107,0.0005,0.043899999999999995,0.7601,2023-06-25 21:23:03.419888,99.99999999999996,100.00000000000009,4.390000000000003,76.01000000000002
158,COMMUNICATION,mobile telephone equipment,0.0439,0.0023,1,46.3,0.10649,0.330743108333333,729.810803751311,46.29999999999999,0.10648999999999997,0.3307431083333333,729.8108037513107,0.0023,0.043899999999999995,0.7601,2023-06-25 21:23:03.419888,99.99999999999996,100.00000000000009,4.390000000000003,76.01000000000002
159,COMMUNICATION,wired telephone services,0.0439,0.0033,1,0.031,0.0001023,0.330743108333333,729.810803751311,0.031,0.00010229999999999999,0.3307431083333333,729.8108037513107,0.0033,0.043899999999999995,0.7601,2023-06-25 21:23:03.419888,99.99999999999996,100.00000000000009,4.390000000000003,76.01000000000002
160,COMMUNICATION,wireless telephone services,0.0439,0.0276,1,0.041,0.0011316,0.330743108333333,729.810803751311,0.041,0.0011316,0.3307431083333333,729.8108037513107,0.0276,0.043899999999999995,0.7601,2023-06-25 21:23:03.419888,99.99999999999996,100.00000000000009,4.390000000000003,76.01000000000002
161,COMMUNICATION,internet access provision services,0.0439,0.0031,1,26.74625,0.082913375,0.330743108333333,729.810803751311,26.74625,0.082913375,0.3307431083333333,729.8108037513107,0.0031,0.043899999999999995,0.7601,2023-06-25 21:23:03.419888,99.99999999999996,100.00000000000009,4.390000000000003,76.01000000000002
162,COMMUNICATION,bundled telecommunication services,0.0439,0.0065,1,20.495,0.1332175,0.330743108333333,729.810803751311,20.495,0.1332175,0.3307431083333333,729.8108037513107,0.0065,0.043899999999999995,0.7601,2023-06-25 21:23:03.419888,99.99999999999996,100.00000000000009,4.390000000000003,76.01000000000002
163,RECREATION AND CULTURE,"equipment for the reception, recording and reproduction of sound",0.0575,0.0002,1,22.45,0.00449,6.21291533333333,729.810803751311,22.45,0.00449,6.212915333333333,729.8108037513107,0.0002,0.0249,0.7601,2023-06-25 21:23:03.419888,99.99999999999996,100.00000000000006,2.490000000000001,76.01000000000002
164,RECREATION AND CULTURE,"equipment for the reception, recording and reproduction of sound and vision",0.0575,0.0032,1,39.95,0.12784,6.21291533333333,729.810803751311,39.95,0.12784,6.212915333333333,729.8108037513107,0.0032,0.0249,0.7601,2023-06-25 21:23:03.419888,99.99999999999996,100.00000000000006,2.490000000000001,76.01000000000002
165,RECREATION AND CULTURE,portable sound and vision devices,0.0575,0.0,0,,,6.21291533333333,729.810803751311,,,6.212915333333333,729.8108037513107,0.0,0.0249,0.7601,2023-06-25 21:23:03.419888,99.99999999999996,100.00000000000006,2.490000000000001,76.01000000000002
166,RECREATION AND CULTURE,cameras,0.0575,0.0002,1,95.0,0.019,6.21291533333333,729.810803751311,95.0,0.019,6.212915333333333,729.8108037513107,0.0002,0.0249,0.7601,2023-06-25 21:23:03.419888,99.99999999999996,100.00000000000006,2.490000000000001,76.01000000000002
167,RECREATION AND CULTURE,personal computers,0.0575,0.0028,1,299.0,0.8372,6.21291533333333,729.810803751311,299.0,0.8371999999999999,6.212915333333333,729.8108037513107,0.0028,0.0249,0.7601,2023-06-25 21:23:03.419888,99.99999999999996,100.00000000000006,2.490000000000001,76.01000000000002
168,RECREATION AND CULTURE,accessories for information processing equipment,0.0575,0.0003,1,15.6333333333333,0.00469,6.21291533333333,729.810803751311,15.633333333333333,0.00469,6.212915333333333,729.8108037513107,0.0003,0.0249,0.7601,2023-06-25 21:23:03.419888,99.99999999999996,100.00000000000006,2.490000000000001,76.01000000000002
169,RECREATION AND CULTURE,pre-recorded recording media,0.0575,0.0,0,,,6.21291533333333,729.810803751311,,,6.212915333333333,729.8108037513107,0.0,0.0249,0.7601,2023-06-25 21:23:03.419888,99.99999999999996,100.00000000000006,2.490000000000001,76.01000000000002
170,RECREATION AND CULTURE,unrecorded recording media,0.0575,0.0,0,,,6.21291533333333,729.810803751311,,,6.212915333333333,729.8108037513107,0.0,0.0249,0.7601,2023-06-25 21:23:03.419888,99.99999999999996,100.00000000000006,2.490000000000001,76.01000000000002
171,RECREATION AND CULTURE,other recording media,0.0575,0.0002,0,,,6.21291533333333,729.810803751311,,,6.212915333333333,729.8108037513107,0.0,0.0249,0.7601,2023-06-25 21:23:03.419888,99.99999999999996,100.00000000000006,2.490000000000001,76.01000000000002
172,RECREATION AND CULTURE,"repair of audio-visual, photographic and information processing equipment",0.0575,0.0003,0,,,6.21291533333333,729.810803751311,,,6.212915333333333,729.8108037513107,0.0,0.0249,0.7601,2023-06-25 21:23:03.419888,99.99999999999996,100.00000000000006,2.490000000000001,76.01000000000002
173,RECREATION AND CULTURE,"boats, outboard motors and fitting out of boats",0.0575,0.0002,0,,,6.21291533333333,729.810803751311,,,6.212915333333333,729.8108037513107,0.0,0.0249,0.7601,2023-06-25 21:23:03.419888,99.99999999999996,100.00000000000006,2.490000000000001,76.01000000000002
174,RECREATION AND CULTURE,major items for games and sport,0.0575,0.0,0,,,6.21291533333333,729.810803751311,,,6.212915333333333,729.8108037513107,0.0,0.0249,0.7601,2023-06-25 21:23:03.419888,99.99999999999996,100.00000000000006,2.490000000000001,76.01000000000002
175,RECREATION AND CULTURE,musical instruments,0.0575,0.0003,0,,,6.21291533333333,729.810803751311,,,6.212915333333333,729.8108037513107,0.0,0.0249,0.7601,2023-06-25 21:23:03.419888,99.99999999999996,100.00000000000006,2.490000000000001,76.01000000000002
176,RECREATION AND CULTURE,games and hobbies,0.0575,0.0007,1,6.95,0.004865,6.21291533333333,729.810803751311,6.95,0.004865,6.212915333333333,729.8108037513107,0.0007,0.0249,0.7601,2023-06-25 21:23:03.419888,99.99999999999996,100.00000000000006,2.490000000000001,76.01000000000002
177,RECREATION AND CULTURE,toys and celebration articles,0.0575,0.0038,1,3.99,0.015162,6.21291533333333,729.810803751311,3.99,0.015162,6.212915333333333,729.8108037513107,0.0038,0.0249,0.7601,2023-06-25 21:23:03.419888,99.99999999999996,100.00000000000006,2.490000000000001,76.01000000000002
178,RECREATION AND CULTURE,equipment for sport,0.0575,0.0018,1,15.0,0.027,6.21291533333333,729.810803751311,15.0,0.027,6.212915333333333,729.8108037513107,0.0018,0.0249,0.7601,2023-06-25 21:23:03.419888,99.99999999999996,100.00000000000006,2.490000000000001,76.01000000000002
179,RECREATION AND CULTURE,garden products,0.0575,0.0009,1,5.49,0.004941,6.21291533333333,729.810803751311,5.49,0.004941,6.212915333333333,729.8108037513107,0.0009,0.0249,0.7601,2023-06-25 21:23:03.419888,99.99999999999996,100.00000000000006,2.490000000000001,76.01000000000002
180,RECREATION AND CULTURE,plants and flowers,0.0575,0.0024,1,1.74,0.004176,6.21291533333333,729.810803751311,1.74,0.004176,6.212915333333333,729.8108037513107,0.0024,0.0249,0.7601,2023-06-25 21:23:03.419888,99.99999999999996,100.00000000000006,2.490000000000001,76.01000000000002
181,RECREATION AND CULTURE,purchase of pets,0.0575,0.0006,0,,,6.21291533333333,729.810803751311,,,6.212915333333333,729.8108037513107,0.0,0.0249,0.7601,2023-06-25 21:23:03.419888,99.99999999999996,100.00000000000006,2.490000000000001,76.01000000000002
182,RECREATION AND CULTURE,products for pets,0.0575,0.0027,1,1.5,0.00405,6.21291533333333,729.810803751311,1.5,0.00405,6.212915333333333,729.8108037513107,0.0027,0.0249,0.7601,2023-06-25 21:23:03.419888,99.99999999999996,100.00000000000006,2.490000000000001,76.01000000000002
184,RECREATION AND CULTURE,veterinary and other services for pets,0.0575,0.0008,0,,,6.21291533333333,729.810803751311,,,6.212915333333333,729.8108037513107,0.0,0.0249,0.7601,2023-06-25 21:23:03.419888,99.99999999999996,100.00000000000006,2.490000000000001,76.01000000000002
185,RECREATION AND CULTURE,recreational and sporting services - attendance,0.0575,0.0022,0,,,6.21291533333333,729.810803751311,,,6.212915333333333,729.8108037513107,0.0,0.0249,0.7601,2023-06-25 21:23:03.419888,99.99999999999996,100.00000000000006,2.490000000000001,76.01000000000002
186,RECREATION AND CULTURE,recreational and sporting services - participation,0.0575,0.0079,0,,,6.21291533333333,729.810803751311,,,6.212915333333333,729.8108037513107,0.0,0.0249,0.7601,2023-06-25 21:23:03.419888,99.99999999999996,100.00000000000006,2.490000000000001,76.01000000000002
187,RECREATION AND CULTURE,"cinemas, theatres, concerts",0.0575,0.0029,1,1773.16666666667,5.14218333333333,6.21291533333333,729.810803751311,1773.1666666666667,5.1421833333333336,6.212915333333333,729.8108037513107,0.0029,0.0249,0.7601,2023-06-25 21:23:03.419888,99.99999999999996,100.00000000000006,2.490000000000001,76.01000000000002
188,RECREATION AND CULTURE,"museums, libraries, zoological gardens",0.0575,0.0002,0,,,6.21291533333333,729.810803751311,,,6.212915333333333,729.8108037513107,0.0,0.0249,0.7601,2023-06-25 21:23:03.419888,99.99999999999996,100.00000000000006,2.490000000000001,76.01000000000002
189,RECREATION AND CULTURE,"television and radio licence fees, subscriptions",0.0575,0.0071,0,,,6.21291533333333,729.810803751311,,,6.212915333333333,729.8108037513107,0.0,0.0249,0.7601,2023-06-25 21:23:03.419888,99.99999999999996,100.00000000000006,2.490000000000001,76.01000000000002
190,RECREATION AND CULTURE,hire of equipment and accessories for culture,0.0575,0.0,0,,,6.21291533333333,729.810803751311,,,6.212915333333333,729.8108037513107,0.0,0.0249,0.7601,2023-06-25 21:23:03.419888,99.99999999999996,100.00000000000006,2.490000000000001,76.01000000000002
191,RECREATION AND CULTURE,photographic services,0.0575,0.0013,0,,,6.21291533333333,729.810803751311,,,6.212915333333333,729.8108037513107,0.0,0.0249,0.7601,2023-06-25 21:23:03.419888,99.99999999999996,100.00000000000006,2.490000000000001,76.01000000000002
192,RECREATION AND CULTURE,fiction books,0.0575,0.0014,0,,,6.21291533333333,729.810803751311,,,6.212915333333333,729.8108037513107,0.0,0.0249,0.7601,2023-06-25 21:23:03.419888,99.99999999999996,100.00000000000006,2.490000000000001,76.01000000000002
193,RECREATION AND CULTURE,educational text books,0.0575,0.0017,1,3.99,0.006783,6.21291533333333,729.810803751311,3.99,0.006783,6.212915333333333,729.8108037513107,0.0017,0.0249,0.7601,2023-06-25 21:23:03.419888,99.99999999999996,100.00000000000006,2.490000000000001,76.01000000000002
194,RECREATION AND CULTURE,other non-fiction books,0.0575,0.0004,0,,,6.21291533333333,729.810803751311,,,6.212915333333333,729.8108037513107,0.0,0.0249,0.7601,2023-06-25 21:23:03.419888,99.99999999999996,100.00000000000006,2.490000000000001,76.01000000000002
195,RECREATION AND CULTURE,newspapers,0.0575,0.0024,0,,,6.21291533333333,729.810803751311,,,6.212915333333333,729.8108037513107,0.0,0.0249,0.7601,2023-06-25 21:23:03.419888,99.99999999999996,100.00000000000006,2.490000000000001,76.01000000000002
196,RECREATION AND CULTURE,magazines and periodicals,0.0575,0.0006,0,,,6.21291533333333,729.810803751311,,,6.212915333333333,729.8108037513107,0.0,0.0249,0.7601,2023-06-25 21:23:03.419888,99.99999999999996,100.00000000000006,2.490000000000001,76.01000000000002
197,RECREATION AND CULTURE,miscellaneous printed matter,0.0575,0.0005,1,9.95,0.004975,6.21291533333333,729.810803751311,9.95,0.004974999999999999,6.212915333333333,729.8108037513107,0.0005,0.0249,0.7601,2023-06-25 21:23:03.419888,99.99999999999996,100.00000000000006,2.490000000000001,76.01000000000002
198,RECREATION AND CULTURE,paper products,0.0575,0.0008,1,6.95,0.00556,6.21291533333333,729.810803751311,6.95,0.005560000000000001,6.212915333333333,729.8108037513107,0.0008,0.0249,0.7601,2023-06-25 21:23:03.419888,99.99999999999996,100.00000000000006,2.490000000000001,76.01000000000002
199,RECREATION AND CULTURE,other stationery and drawing materials,0.0575,0.0008,0,,,6.21291533333333,729.810803751311,,,6.212915333333333,729.8108037513107,0.0,0.0249,0.7601,2023-06-25 21:23:03.419888,99.99999999999996,100.00000000000006,2.490000000000001,76.01000000000002
200,RECREATION AND CULTURE,package domestic holidays,0.0575,0.0005,0,,,6.21291533333333,729.810803751311,,,6.212915333333333,729.8108037513107,0.0,0.0249,0.7601,2023-06-25 21:23:03.419888,99.99999999999996,100.00000000000006,2.490000000000001,76.01000000000002
201,RECREATION AND CULTURE,package international holidays,0.0575,0.0054,0,,,6.21291533333333,729.810803751311,,,6.212915333333333,729.8108037513107,0.0,0.0249,0.7601,2023-06-25 21:23:03.419888,99.99999999999996,100.00000000000006,2.490000000000001,76.01000000000002
202,EDUCATION,pre-primary education (isced-97 level 0),0.0392,0.0045,1,4750.0,21.375,317.596725714286,729.810803751311,4750.0,21.375,317.59672571428575,729.8108037513107,0.0045,0.0382,0.7601,2023-06-25 21:23:03.419888,99.99999999999996,99.99999999999993,3.819999999999997,76.01000000000002
203,EDUCATION,primary education (isced-97 level 1),0.0392,0.0033,1,6000.0,19.8,317.596725714286,729.810803751311,6000.0,19.8,317.59672571428575,729.8108037513107,0.0033,0.0382,0.7601,2023-06-25 21:23:03.419888,99.99999999999996,99.99999999999993,3.819999999999997,76.01000000000002
204,EDUCATION,secondary education,0.0392,0.0156,1,8841.42857142857,137.926285714286,317.596725714286,729.810803751311,8841.428571428572,137.9262857142857,317.59672571428575,729.8108037513107,0.0156,0.0382,0.7601,2023-06-25 21:23:03.419888,99.99999999999996,99.99999999999993,3.819999999999997,76.01000000000002
205,EDUCATION,post-secondary non-tertiary education (isced 4),0.0392,0.0004,1,9365.0,3.746,317.596725714286,729.810803751311,9365.0,3.746,317.59672571428575,729.8108037513107,0.0004,0.0382,0.7601,2023-06-25 21:23:03.419888,99.99999999999996,99.99999999999993,3.819999999999997,76.01000000000002
206,EDUCATION,tertiary education,0.0392,0.0144,1,9357.6,134.74944,317.596725714286,729.810803751311,9357.6,134.74944,317.59672571428575,729.8108037513107,0.0144,0.0382,0.7601,2023-06-25 21:23:03.419888,99.99999999999996,99.99999999999993,3.819999999999997,76.01000000000002
207,EDUCATION,education not definable by level,0.0392,0.001,0,,,317.596725714286,729.810803751311,,,317.59672571428575,729.8108037513107,0.0,0.0382,0.7601,2023-06-25 21:23:03.419888,99.99999999999996,99.99999999999993,3.819999999999997,76.01000000000002
208,RESTAURANTS AND HOTELS,"restaurants, cafes and dancing establishments",0.0836,0.0623,1,22.6090909090909,1.40854636363636,1.62532136363636,729.810803751311,22.60909090909091,1.4085463636363638,1.6253213636363637,729.8108037513107,0.0623,0.0812,0.7601,2023-06-25 21:23:03.419888,99.99999999999996,100.00000000000023,8.120000000000019,76.01000000000002
209,RESTAURANTS AND HOTELS,fast food and take away food services,0.0836,0.0174,1,12.4583333333333,0.216775,1.62532136363636,729.810803751311,12.458333333333334,0.216775,1.6253213636363637,729.8108037513107,0.0174,0.0812,0.7601,2023-06-25 21:23:03.419888,99.99999999999996,100.00000000000023,8.120000000000019,76.01000000000002
210,RESTAURANTS AND HOTELS,canteens,0.0836,0.0024,0,,,1.62532136363636,729.810803751311,,,1.6253213636363637,729.8108037513107,0.0,0.0812,0.7601,2023-06-25 21:23:03.419888,99.99999999999996,100.00000000000023,8.120000000000019,76.01000000000002
211,RESTAURANTS AND HOTELS,"hotels, motels, inns and similar accommodation services",0.0836,0.0015,1,,,1.62532136363636,729.810803751311,,,1.6253213636363637,729.8108037513107,0.0015,0.0812,0.7601,2023-06-25 21:23:03.419888,99.99999999999996,100.00000000000023,8.120000000000019,76.01000000000002
212,MISCELLANEOUS GOODS AND SERVICES,hairdressing for men and children,0.086,0.0033,1,25.5,0.08415,0.497173130434783,729.810803751311,25.5,0.08415,0.4971731304347826,729.8108037513107,0.0033,0.0441,0.7601,2023-06-25 21:23:03.419888,99.99999999999996,99.99999999999993,4.409999999999997,76.01000000000002
213,MISCELLANEOUS GOODS AND SERVICES,hairdressing for women,0.086,0.0083,1,27.5,0.22825,0.497173130434783,729.810803751311,27.5,0.22825,0.4971731304347826,729.8108037513107,0.0083,0.0441,0.7601,2023-06-25 21:23:03.419888,99.99999999999996,99.99999999999993,4.409999999999997,76.01000000000002
214,MISCELLANEOUS GOODS AND SERVICES,personal grooming treatments,0.086,0.0052,1,1.59,0.008268,0.497173130434783,729.810803751311,1.59,0.008268,0.4971731304347826,729.8108037513107,0.0052,0.0441,0.7601,2023-06-25 21:23:03.419888,99.99999999999996,99.99999999999993,4.409999999999997,76.01000000000002
215,MISCELLANEOUS GOODS AND SERVICES,electric appliances for personal care,0.086,0.0002,1,46.975,0.009395,0.497173130434783,729.810803751311,46.975,0.009395,0.4971731304347826,729.8108037513107,0.0002,0.0441,0.7601,2023-06-25 21:23:03.419888,99.99999999999996,99.99999999999993,4.409999999999997,76.01000000000002
216,MISCELLANEOUS GOODS AND SERVICES,non-electrical appliances,0.086,0.0009,1,3.49,0.003141,0.497173130434783,729.810803751311,3.49,0.003141,0.4971731304347826,729.8108037513107,0.0009,0.0441,0.7601,2023-06-25 21:23:03.419888,99.99999999999996,99.99999999999993,4.409999999999997,76.01000000000002
217,MISCELLANEOUS GOODS AND SERVICES,"articles for personal hygiene and wellness, esoteric products and beauty products",0.086,0.0244,1,5.25652173913044,0.128259130434783,0.497173130434783,729.810803751311,5.256521739130435,0.12825913043478263,0.4971731304347826,729.8108037513107,0.0244,0.0441,0.7601,2023-06-25 21:23:03.419888,99.99999999999996,99.99999999999993,4.409999999999997,76.01000000000002
218,MISCELLANEOUS GOODS AND SERVICES,jewellery,0.086,0.0013,0,,,0.497173130434783,729.810803751311,,,0.4971731304347826,729.8108037513107,0.0,0.0441,0.7601,2023-06-25 21:23:03.419888,99.99999999999996,99.99999999999993,4.409999999999997,76.01000000000002
219,MISCELLANEOUS GOODS AND SERVICES,clocks and watches,0.086,0.0005,1,29.95,0.014975,0.497173130434783,729.810803751311,29.95,0.014975,0.4971731304347826,729.8108037513107,0.0005,0.0441,0.7601,2023-06-25 21:23:03.419888,99.99999999999996,99.99999999999993,4.409999999999997,76.01000000000002
220,MISCELLANEOUS GOODS AND SERVICES,travel goods,0.086,0.0013,1,15.95,0.020735,0.497173130434783,729.810803751311,15.95,0.020734999999999996,0.4971731304347826,729.8108037513107,0.0013,0.0441,0.7601,2023-06-25 21:23:03.419888,99.99999999999996,99.99999999999993,4.409999999999997,76.01000000000002
221,MISCELLANEOUS GOODS AND SERVICES,articles for babies,0.086,0.0006,0,,,0.497173130434783,729.810803751311,,,0.4971731304347826,729.8108037513107,0.0,0.0441,0.7601,2023-06-25 21:23:03.419888,99.99999999999996,99.99999999999993,4.409999999999997,76.01000000000002
222,MISCELLANEOUS GOODS AND SERVICES,other personal effects n.e.c.,0.086,0.0009,0,,,0.497173130434783,729.810803751311,,,0.4971731304347826,729.8108037513107,0.0,0.0441,0.7601,2023-06-25 21:23:03.419888,99.99999999999996,99.99999999999993,4.409999999999997,76.01000000000002
223,MISCELLANEOUS GOODS AND SERVICES,child care services,0.086,0.0017,0,,,0.497173130434783,729.810803751311,,,0.4971731304347826,729.8108037513107,0.0,0.0441,0.7601,2023-06-25 21:23:03.419888,99.99999999999996,99.99999999999993,4.409999999999997,76.01000000000002
224,MISCELLANEOUS GOODS AND SERVICES,retirement homes for elderly persons and residences for disabled persons,0.086,0.0011,0,,,0.497173130434783,729.810803751311,,,0.4971731304347826,729.8108037513107,0.0,0.0441,0.7601,2023-06-25 21:23:03.419888,99.99999999999996,99.99999999999993,4.409999999999997,76.01000000000002
225,MISCELLANEOUS GOODS AND SERVICES,services to maintain people in their private homes,0.086,0.0003,0,,,0.497173130434783,729.810803751311,,,0.4971731304347826,729.8108037513107,0.0,0.0441,0.7601,2023-06-25 21:23:03.419888,99.99999999999996,99.99999999999993,4.409999999999997,76.01000000000002
226,MISCELLANEOUS GOODS AND SERVICES,insurance connected with the dwelling,0.086,0.0048,0,,,0.497173130434783,729.810803751311,,,0.4971731304347826,729.8108037513107,0.0,0.0441,0.7601,2023-06-25 21:23:03.419888,99.99999999999996,99.99999999999993,4.409999999999997,76.01000000000002
227,MISCELLANEOUS GOODS AND SERVICES,private insurance connected with health,0.086,0.0037,0,,,0.497173130434783,729.810803751311,,,0.4971731304347826,729.8108037513107,0.0,0.0441,0.7601,2023-06-25 21:23:03.419888,99.99999999999996,99.99999999999993,4.409999999999997,76.01000000000002
228,MISCELLANEOUS GOODS AND SERVICES,motor vehicle insurance,0.086,0.0174,0,,,0.497173130434783,729.810803751311,,,0.4971731304347826,729.8108037513107,0.0,0.0441,0.7601,2023-06-25 21:23:03.419888,99.99999999999996,99.99999999999993,4.409999999999997,76.01000000000002
229,MISCELLANEOUS GOODS AND SERVICES,charges by banks and post offices,0.086,0.0067,0,,,0.497173130434783,729.810803751311,,,0.4971731304347826,729.8108037513107,0.0,0.0441,0.7601,2023-06-25 21:23:03.419888,99.99999999999996,99.99999999999993,4.409999999999997,76.01000000000002
230,MISCELLANEOUS GOODS AND SERVICES,administrative fees,0.086,0.0007,0,,,0.497173130434783,729.810803751311,,,0.4971731304347826,729.8108037513107,0.0,0.0441,0.7601,2023-06-25 21:23:03.419888,99.99999999999996,99.99999999999993,4.409999999999997,76.01000000000002
231,MISCELLANEOUS GOODS AND SERVICES,legal services and accountancy,0.086,0.0014,0,,,0.497173130434783,729.810803751311,,,0.4971731304347826,729.8108037513107,0.0,0.0441,0.7601,2023-06-25 21:23:03.419888,99.99999999999996,99.99999999999993,4.409999999999997,76.01000000000002
232,MISCELLANEOUS GOODS AND SERVICES,funeral services,0.086,0.0005,0,,,0.497173130434783,729.810803751311,,,0.4971731304347826,729.8108037513107,0.0,0.0441,0.7601,2023-06-25 21:23:03.419888,99.99999999999996,99.99999999999993,4.409999999999997,76.01000000000002
233,MISCELLANEOUS GOODS AND SERVICES,other fees and services,0.086,0.0008,0,,,0.497173130434783,729.810803751311,,,0.4971731304347826,729.8108037513107,0.0,0.0441,0.7601,2023-06-25 21:23:03.419888,99.99999999999996,99.99999999999993,4.409999999999997,76.01000000000002
